<?xml version="1.0" encoding="UTF-8"?>
<beans xmlns="http://www.springframework.org/schema/beans"
       xmlns:xsi="http://www.w3.org/2001/XMLSchema-instance"
       xmlns:jaxrs="http://cxf.apache.org/jaxrs"
       xsi:schemaLocation="
        http://www.springframework.org/schema/beans
http://www.springframework.org/schema/beans/spring-beans.xsd
http://cxf.apache.org/jaxrs http://cxf.apache.org/schemas/jaxrs.xsd
http://cxf.apache.org/jaxws http://cxf.apache.org/schemas/jaxws.xsd
http://cxf.apache.org/core http://cxf.apache.org/schemas/core.xsd">

    <jaxrs:server id="rest{projectname}Service" address="/rest/{projectname}Service">
        <!--serviceBeans：暴露的WebService服务类-->
        <jaxrs:serviceBeans>
            <ref bean="{projectname}RestService"/>
        </jaxrs:serviceBeans>

        <jaxrs:providers>
            <bean id="jsonProvider" class="org.apache.cxf.jaxrs.provider.json.JSONProvider">
                <property name="dropRootElement" value="true"/>
                <property name="dropCollectionWrapperElement" value="true"/>
            </bean>
        </jaxrs:providers>

        <jaxrs:inInterceptors>
            <bean class="org.apache.cxf.transport.common.gzip.GZIPInInterceptor"/>
        </jaxrs:inInterceptors>

    </jaxrs:server>
</beans>